"authority_id","authority_name","authority_convert","location_code","location_name","location_convert","geography_type","population"
"1","Luton","Luton","E06000032","Luton",\N,"Unitary Authority","239090"
"3","Chesterfield","Chesterfield","E07000034","Chesterfield",\N,"Non-metropolitan District","106045"
"4","West Devon","West Devon","E07000047","West Devon",\N,"Non-metropolitan District","58923"
"7","Colchester","Colchester","E07000071","Colchester",\N,"Non-metropolitan District","200222"
"8","Fareham","Fareham","E07000087","Fareham",\N,"Non-metropolitan District","115428"
"9","Dacorum","Dacorum","E07000096","Dacorum",\N,"Non-metropolitan District","161420"
"10","Medway","Medway","E06000035","Medway",\N,"Unitary Authority","292655"
"11","Lancaster","Lancaster","E07000121","Lancaster",\N,"Non-metropolitan District","145006"
"12","South Holland","South Holland","E07000140","South Holland",\N,"Non-metropolitan District","99298"
"14","Bassetlaw","Bassetlaw","E07000171","Bassetlaw",\N,"Non-metropolitan District","124937"
"16","Woking","Woking","E07000217","Woking",\N,"Non-metropolitan District","105679"
"17","South Tyneside","South Tyneside","E08000023","South Tyneside",\N,"Metropolitan District","151393"
"18","Calderdale","Calderdale","E08000033","Calderdale",\N,"Metropolitan District","210929"
"19","Ealing","Ealing","E09000009","Ealing",\N,"London Borough","385985"
"20","Southwark","Southwark","E09000028","Southwark",\N,"London Borough","314786"
"22","Milton Keynes","Milton Keynes","E06000042","Milton Keynes",\N,"Unitary Authority","305884"
"25","North East Derbyshire","North East Derbyshire","E07000038","North East Derbyshire",\N,"Non-metropolitan District","106646"
"27","Hastings","Hastings","E07000062","Hastings",\N,"Non-metropolitan District","91219"
"28","Rochford","Rochford","E07000075","Rochford",\N,"Non-metropolitan District","89815"
"29","Cheltenham","Cheltenham","E07000078","Cheltenham",\N,"Non-metropolitan District","121739"
"30","New Forest","New Forest","E07000091","New Forest",\N,"Non-metropolitan District","176116"
"31","St Albans  and","St Albans and",\N,\N,\N,\N,"0"
"32","North East Lincolnshire","North East Lincolnshire","E06000012","North East Lincolnshire",\N,"Unitary Authority","159911"
"33","Rossendale","Rossendale","E07000125","Rossendale",\N,"Non-metropolitan District","73045"
"35","Newark and Sherwood","Newark and Sherwood","E07000175","Newark and Sherwood",\N,"Non-metropolitan District","127886"
"37","East Staffordshire","East Staffordshire","E07000193","East Staffordshire",\N,"Non-metropolitan District","129659"
"38","Surrey","Surrey","E10000030","Surrey",\N,"County","1248649"
"39","Manchester","Manchester","E08000003","Manchester",\N,"Metropolitan District","589670"
"40","Barnsley","Barnsley","E08000016","Barnsley",\N,"Metropolitan District","251770"
"41","Havering","Havering","E09000016","Havering",\N,"London Borough","276274"
"45","Wealden","Wealden","E07000065","Wealden",\N,"Non-metropolitan District","166908"
"46","Uttlesford","Uttlesford","E07000077","Uttlesford",\N,"Non-metropolitan District","95106"
"47","Stroud","Stroud","E07000082","Stroud",\N,"Non-metropolitan District","125680"
"48","Test Valley","Test Valley","E07000093","Test Valley",\N,"Non-metropolitan District","135201"
"49","Welwyn Hatfield","Welwyn Hatfield","E07000241","Welwyn Hatfield",\N,"Non-metropolitan District","122819"
"50","York","York","E06000014","York",\N,"Unitary Authority","209301"
"51","Cherwell","Cherwell","E07000177","Cherwell",\N,"Non-metropolitan District","170426"
"52","Telford and Wrekin","Telford and Wrekin","E06000020","Telford and Wrekin",\N,"Unitary Authority","195952"
"53","South Staffordshire","South Staffordshire","E07000196","South Staffordshire",\N,"Non-metropolitan District","114423"
"54","Mole Valley","Mole Valley","E07000210","Mole Valley",\N,"Non-metropolitan District","88709"
"55","Arun","Arun","E07000224","Arun",\N,"Non-metropolitan District","170064"
"56","Stockport","Stockport","E08000007","Stockport",\N,"Metropolitan District","303929"
"57","Dudley","Dudley","E08000027","Dudley",\N,"Metropolitan District","331930"
"58","Lewisham","Lewisham","E09000023","Lewisham",\N,"London Borough","301255"
"59","North Somerset","North Somerset","E06000024","North Somerset",\N,"Unitary Authority","224578"
"60","Fenland","Fenland","E07000010","Fenland",\N,"Non-metropolitan District","104896"
"61","Halton","Halton","E06000006","Halton",\N,"Unitary Authority","131543"
"62","Derbyshire","Derbyshire","E10000007","Derbyshire",\N,"County","822377"
"63","Southend-on-Sea","Southend on Sea",\N,\N,\N,\N,"0"
"64","Worcester","Worcester","E07000237","Worcester",\N,"Non-metropolitan District","106671"
"65","Chorley","Chorley","E07000118","Chorley",\N,"Non-metropolitan District","120839"
"66","East Lindsey","East Lindsey","E07000137","East Lindsey",\N,"Non-metropolitan District","145183"
"67","West Oxfordshire","West Oxfordshire","E07000181","West Oxfordshire",\N,"Non-metropolitan District","120941"
"70","Surrey Heath","Surrey Heath","E07000214","Surrey Heath",\N,"Non-metropolitan District","94492"
"71","Mid Sussex","Mid Sussex","E07000228","Mid Sussex",\N,"Non-metropolitan District","161755"
"72","Wolverhampton","Wolverhampton","E08000031","Wolverhampton",\N,"Metropolitan District","281251"
"73","Bexley","Bexley","E09000004","Bexley",\N,"London Borough","256434"
"75","Reading","Reading","E06000038","Reading",\N,"Unitary Authority","182907"
"77","Derby","Derby","E06000015","Derby",\N,"Unitary Authority","274149"
"79","East Sussex","East Sussex","E10000011","East Sussex",\N,"County","560882"
"80","Worcestershire","Worcestershire","E10000034","Worcestershire",\N,"County","621360"
"81","East Riding of Yorkshire","East Riding of Yorkshire","E06000011","East Riding of Yorkshire",\N,"Unitary Authority","355884"
"82","Ashford","Ashford","E07000105","Ashford",\N,"Non-metropolitan District","140936"
"83","Pendle","Pendle","E07000122","Pendle",\N,"Non-metropolitan District","99777"
"84","South Kesteven","South Kesteven","E07000141","South Kesteven",\N,"Non-metropolitan District","147151"
"89","Rugby","Rugby","E07000220","Rugby",\N,"Non-metropolitan District","122378"
"91","Greater Manchester","Greater Manchester",\N,\N,\N,\N,"0"
"92","Greenwich","Greenwich","E09000011","Greenwich",\N,"London Borough","299528"
"93","Tower Hamlets","Tower Hamlets","E09000030","Tower Hamlets",\N,"London Borough","331886"
"95","Bath and North East Somerset","Bath and North East Somerset","E06000022","Bath and North East Somerset",\N,"Unitary Authority","200028"
"96","South Derbyshire","South Derbyshire","E07000039","South Derbyshire",\N,"Non-metropolitan District","117493"
"98","Cotswold","Cotswold","E07000079","Cotswold",\N,"Non-metropolitan District","91661"
"99","South Ribble","South Ribble","E07000126","South Ribble",\N,"Non-metropolitan District","116113"
"100","Harborough","Harborough","E07000131","Harborough",\N,"Non-metropolitan District","104713"
"101","Breckland","Breckland","E07000143","Breckland",\N,"Non-metropolitan District","146620"
"104","Oldham","Oldham","E08000004","Oldham",\N,"Metropolitan District","251560"
"105","Doncaster","Doncaster","E08000017","Doncaster",\N,"Metropolitan District","319765"
"106","Hounslow","Hounslow","E09000018","Hounslow",\N,"London Borough","299424"
"108","Cambridgeshire","Cambridgeshire","E10000003","Cambridgeshire",\N,"County","710317"
"109","North Devon","North Devon","E07000043","North Devon",\N,"Non-metropolitan District","101222"
"111","Tewkesbury","Tewkesbury","E07000083","Tewkesbury",\N,"Non-metropolitan District","101949"
"112","Sevenoaks","Sevenoaks","E07000111","Sevenoaks",\N,"Non-metropolitan District","122748"
"113","North West Leicestershire","North West Leicestershire","E07000134","North West Leicestershire",\N,"Non-metropolitan District","111881"
"114","Norwich","Norwich","E07000148","Norwich",\N,"Non-metropolitan District","147182"
"116","Oxford","Oxford","E07000178","Oxford",\N,"Non-metropolitan District","166034"
"118","Tameside","Tameside","E08000008","Tameside",\N,"Metropolitan District","239643"
"119","Sandwell","Sandwell","E08000028","Sandwell",\N,"Metropolitan District","353860"
"120","Bromley","Bromley","E09000006","Bromley",\N,"London Borough","335319"
"121","Newham","Newham","E09000025","Newham",\N,"London Borough","374523"
"123","Huntingdonshire","Huntingdonshire","E07000011","Huntingdonshire",\N,"Non-metropolitan District","190619"
"124","Hartlepool","Hartlepool","E06000001","Hartlepool",\N,"Unitary Authority","98180"
"125","Stockton-on-Tees","Stockton on Tees",\N,\N,\N,\N,"0"
"127","Mid Devon","Mid Devon","E07000042","Mid Devon",\N,"Non-metropolitan District","84993"
"129","Brentwood","Brentwood","E07000068","Brentwood",\N,"Non-metropolitan District","79326"
"130","Basingstoke and Deane","Basingstoke and Deane","E07000084","Basingstoke and Deane",\N,"Non-metropolitan District","193110"
"131","Wychavon","Wychavon","E07000238","Wychavon",\N,"Non-metropolitan District","138017"
"132","Tonbridge and Malling","Tonbridge and Malling","E07000115","Tonbridge and Malling",\N,"Non-metropolitan District","136853"
"136","Warwickshire","Warwickshire","E10000031","Warwickshire",\N,"County","632207"
"137","St Helens","St Helens",\N,\N,\N,\N,"0"
"138","Gateshead","Gateshead","E08000037","Gateshead",\N,"Metropolitan District","202760"
"139","Hammersmith and Fulham","Hammersmith and Fulham","E09000013","Hammersmith and Fulham",\N,"London Borough","188687"
"140","Wandsworth","Wandsworth","E09000032","Wandsworth",\N,"London Borough","337655"
"143","Slough","Slough","E06000039","Slough",\N,"Unitary Authority","167359"
"145","Peterborough","Peterborough","E06000031","Peterborough",\N,"Unitary Authority","223655"
"147","Devon","Devon","E10000008","Devon",\N,"County","842313"
"148","Epping Forest","Epping Forest","E07000072","Epping Forest",\N,"Non-metropolitan District","137451"
"149","Gosport","Gosport","E07000088","Gosport",\N,"Non-metropolitan District","82921"
"150","Malvern Hills","Malvern Hills","E07000235","Malvern Hills",\N,"Non-metropolitan District","83227"
"151","East Hertfordshire","East Hertfordshire","E07000242","East Hertfordshire",\N,"Non-metropolitan District","156875"
"152","Canterbury","Canterbury","E07000106","Canterbury",\N,"Non-metropolitan District","162100"
"153","Blackpool","Blackpool","E06000009","Blackpool",\N,"Unitary Authority","144191"
"154","Leicestershire","Leicestershire","E10000018","Leicestershire",\N,"County","745573"
"155","Blaby","Blaby","E07000129","Blaby",\N,"Non-metropolitan District","108165"
"156","Broxtowe","Broxtowe","E07000172","Broxtowe",\N,"Non-metropolitan District","114565"
"159","Stratford-on-Avon","Stratford on Avon",\N,\N,\N,\N,"0"
"161","Sunderland","Sunderland","E08000024","Sunderland",\N,"Metropolitan District","288606"
"162","Kirklees","Kirklees","E08000034","Kirklees",\N,"Metropolitan District","447847"
"166","Portsmouth","Portsmouth","E06000044","Portsmouth",\N,"Unitary Authority","214321"
"167","Stevenage","Stevenage","E07000243","Stevenage",\N,"Non-metropolitan District","91774"
"168","Gravesham","Gravesham","E07000109","Gravesham",\N,"Non-metropolitan District","110671"
"169","Hinckley and Bosworth","Hinckley and Bosworth","E07000132","Hinckley and Bosworth",\N,"Non-metropolitan District","116682"
"170","Broadland","Broadland","E07000144","Broadland",\N,"Non-metropolitan District","138157"
"173","Lichfield","Lichfield","E07000194","Lichfield",\N,"Non-metropolitan District","111932"
"174","Elmbridge","Elmbridge","E07000207","Elmbridge",\N,"Non-metropolitan District","141926"
"175","of London","London","E12000007","LONDON",\N,"Region","9089736"
"176","Royal  of Kensington and Chelsea","Kensington and Chelsea","E09000020","Kensington and Chelsea",\N,"London Borough","144518"
"180","Darlington","Darlington","E06000005","Darlington",\N,"Unitary Authority","112489"
"181","Winchester","Winchester","E07000094","Winchester",\N,"Non-metropolitan District","135632"
"182","Folkestone and Hythe","Folkestone and Hythe","E07000112","Folkestone and Hythe",\N,"Non-metropolitan District","112411"
"183","Oadby and Wigston","Oadby and Wigston","E07000135","Oadby and Wigston",\N,"Non-metropolitan District","61695"
"184","South Norfolk","South Norfolk","E07000149","South Norfolk",\N,"Non-metropolitan District","148448"
"186","Nottinghamshire","Nottinghamshire","E10000024","Nottinghamshire",\N,"County","857013"
"187","Staffordshire Moorlands","Staffordshire Moorlands","E07000198","Staffordshire Moorlands",\N,"Non-metropolitan District","96651"
"188","Reigate and Banstead","Reigate and Banstead","E07000211","Reigate and Banstead",\N,"Non-metropolitan District","159134"
"189","Chichester","Chichester","E07000225","Chichester",\N,"Non-metropolitan District","128934"
"190","Merseyside","Merseyside",\N,\N,\N,\N,"0"
"191","Croydon","Croydon","E09000008","Croydon",\N,"London Borough","409342"
"192","Richmond upon Thames","Richmond upon Thames","E09000027","Richmond upon Thames",\N,"London Borough","196678"
"196","Warrington","Warrington","E06000007","Warrington",\N,"Unitary Authority","215391"
"197","Amber Valley","Amber Valley","E07000032","Amber Valley",\N,"Non-metropolitan District","130451"
"199","Castle Point","Castle Point","E07000069","Castle Point",\N,"Non-metropolitan District","90581"
"200","Thurrock","Thurrock","E06000034","Thurrock",\N,"Unitary Authority","180989"
"201","East Hampshire","East Hampshire","E07000085","East Hampshire",\N,"Non-metropolitan District","129975"
"202","Hertfordshire","Hertfordshire","E10000015","Hertfordshire",\N,"County","1236191"
"203","Tunbridge Wells","Tunbridge Wells","E07000116","Tunbridge Wells",\N,"Non-metropolitan District","119694"
"204","Fylde","Fylde","E07000119","Fylde",\N,"Non-metropolitan District","85447"
"205","Blackburn with Darwen","Blackburn with Darwen","E06000008","Blackburn with Darwen",\N,"Unitary Authority","162540"
"206","Lincoln","Lincoln","E07000138","Lincoln",\N,"Non-metropolitan District","105114"
"208","Tandridge","Tandridge","E07000215","Tandridge",\N,"Non-metropolitan District","90586"
"209","Worthing","Worthing","E07000229","Worthing",\N,"Non-metropolitan District","113866"
"210","Sefton","Sefton","E08000014","Sefton",\N,"Metropolitan District","286281"
"211","Newcastle-upon-Tyne","Newcastle upon Tyne","E08000021","Newcastle upon Tyne",\N,"Metropolitan District","320605"
"212","Harrow","Harrow","E09000015","Harrow",\N,"London Borough","270724"
"216","Erewash","Erewash","E07000036","Erewash",\N,"Non-metropolitan District","114253"
"217","Plymouth","Plymouth","E06000026","Plymouth",\N,"Unitary Authority","272067"
"219","Brighton and Hove","Brighton and Hove","E06000043","Brighton and Hove",\N,"Unitary Authority","283870"
"220","Harlow","Harlow","E07000073","Harlow",\N,"Non-metropolitan District","98235"
"221","Hart","Hart","E07000089","Hart",\N,"Non-metropolitan District","103162"
"222","Hertsmere","Hertsmere","E07000098","Hertsmere",\N,"Non-metropolitan District","110212"
"223","Preston","Preston","E07000123","Preston",\N,"Non-metropolitan District","162864"
"224","West Lindsey","West Lindsey","E07000142","West Lindsey",\N,"Non-metropolitan District","99208"
"227","Gedling","Gedling","E07000173","Gedling",\N,"Non-metropolitan District","120179"
"229","Staffordshire","Staffordshire","E10000028","Staffordshire",\N,"County","907153"
"230","Bolton","Bolton","E08000001","Bolton",\N,"Metropolitan District","310085"
"231","Leeds","Leeds","E08000035","Leeds",\N,"Metropolitan District","845189"
"232","Barnet","Barnet","E09000003","Barnet",\N,"London Borough","405050"
"233","Lambeth","Lambeth","E09000022","Lambeth",\N,"London Borough","316920"
"235","South Gloucestershire","South Gloucestershire","E06000025","South Gloucestershire",\N,"Unitary Authority","306332"
"238","Derbyshire Dales","Derbyshire Dales","E07000035","Derbyshire Dales",\N,"Non-metropolitan District","71757"
"240","Lewes","Lewes","E07000063","Lewes",\N,"Non-metropolitan District","102363"
"241","Tendring","Tendring","E07000076","Tendring",\N,"Non-metropolitan District","156759"
"242","Forest of Dean","Forest of Dean","E07000080","Forest of Dean",\N,"Non-metropolitan District","89753"
"243","Rushmoor","Rushmoor","E07000092","Rushmoor",\N,"Non-metropolitan District","105751"
"244","Bromsgrove","Bromsgrove","E07000234","Bromsgrove",\N,"Non-metropolitan District","101685"
"245","Three Rivers","Three Rivers","E07000102","Three Rivers",\N,"Non-metropolitan District","95807"
"246","Isle of Wight","Isle of Wight","E06000046","Isle of Wight",\N,"Unitary Authority","141660"
"247","West Lancashire","West Lancashire","E07000127","West Lancashire",\N,"Non-metropolitan District","121995"
"249","Rushcliffe","Rushcliffe","E07000176","Rushcliffe",\N,"Non-metropolitan District","126736"
"250","Newcastle-under-Lyme","Newcastle under Lyme",\N,\N,\N,\N,"0"
"251","Epsom and Ewell","Epsom and Ewell","E07000208","Epsom and Ewell",\N,"Non-metropolitan District","83288"
"252","West Sussex","West Sussex","E10000032","West Sussex",\N,"County","915037"
"253","Rochdale","Rochdale","E08000005","Rochdale",\N,"Metropolitan District","235561"
"254","Rotherham","Rotherham","E08000018","Rotherham",\N,"Metropolitan District","276595"
"255","Birmingham","Birmingham","E08000025","Birmingham",\N,"Metropolitan District","1183618"
"256","Sutton","Sutton","E09000029","Sutton",\N,"London Borough","214525"
"259","Redditch","Redditch","E07000236","Redditch",\N,"Non-metropolitan District","87847"
"260","Lancashire","Lancashire","E10000017","Lancashire",\N,"County","1294914"
"261","Lincolnshire","Lincolnshire","E10000019","Lincolnshire",\N,"County","789502"
"262","Nottingham","Nottingham","E06000018","Nottingham",\N,"Unitary Authority","331077"
"263","South Oxfordshire","South Oxfordshire","E07000179","South Oxfordshire",\N,"Non-metropolitan District","156470"
"265","Stoke-on-Trent","Stoke on Trent",\N,\N,\N,\N,"0"
"266","Runnymede","Runnymede","E07000212","Runnymede",\N,"Non-metropolitan District","92118"
"267","Crawley","Crawley","E07000226","Crawley",\N,"Non-metropolitan District","124008"
"268","Trafford","Trafford","E08000009","Trafford",\N,"Metropolitan District","241025"
"269","Solihull","Solihull","E08000029","Solihull",\N,"Metropolitan District","221242"
"270","Enfield","Enfield","E09000010","Enfield",\N,"London Borough","327434"
"272","Bracknell Forest","Bracknell Forest","E06000036","Bracknell Forest",\N,"Unitary Authority","130806"
"274","Bolsover","Bolsover","E07000033","Bolsover",\N,"Non-metropolitan District","83773"
"276","Wyre Forest","Wyre Forest","E07000239","Wyre Forest",\N,"Non-metropolitan District","103913"
"277","Hyndburn","Hyndburn","E07000120","Hyndburn",\N,"Non-metropolitan District","86058"
"278","North Kesteven","North Kesteven","E07000139","North Kesteven",\N,"Non-metropolitan District","122468"
"282","Ipswich","Ipswich","E07000202","Ipswich",\N,"Non-metropolitan District","140274"
"283","Waverley","Waverley","E07000216","Waverley",\N,"Non-metropolitan District","134284"
"284","North Warwickshire","North Warwickshire","E07000218","North Warwickshire",\N,"Non-metropolitan District","67117"
"285","Hillingdon","Hillingdon","E09000017","Hillingdon",\N,"London Borough","329185"
"287","Windsor and Maidenhead","Windsor and Maidenhead","E06000040","Windsor and Maidenhead",\N,"Unitary Authority","158943"
"289","High Peak","High Peak","E07000037","High Peak",\N,"Non-metropolitan District","91959"
"291","Eastbourne","Eastbourne","E07000061","Eastbourne",\N,"Non-metropolitan District","104259"
"292","Gloucestershire","Gloucestershire","E10000013","Gloucestershire",\N,"County","669380"
"293","Dartford","Dartford","E07000107","Dartford",\N,"Non-metropolitan District","125011"
"294","Ribble Valley","Ribble Valley","E07000124","Ribble Valley",\N,"Non-metropolitan District","65794"
"298","Warwick","Warwick","E07000222","Warwick",\N,"Non-metropolitan District","154889"
"300","Bury","Bury","E08000002","Bury",\N,"Metropolitan District","198921"
"301","Brent","Brent","E09000005","Brent",\N,"London Borough","352976"
"302","Merton","Merton","E09000024","Merton",\N,"London Borough","218539"
"305","East Devon","East Devon","E07000040","East Devon",\N,"Non-metropolitan District","158239"
"307","Rother","Rother","E07000064","Rother",\N,"Non-metropolitan District","96133"
"308","Gloucester","Gloucester","E07000081","Gloucester",\N,"Non-metropolitan District","138598"
"309","Maidstone","Maidstone","E07000110","Maidstone",\N,"Non-metropolitan District","187767"
"310","Wyre","Wyre","E07000128","Wyre",\N,"Non-metropolitan District","118743"
"311","Leicester","Leicester","E06000016","Leicester",\N,"Unitary Authority","388348"
"312","Great Yarmouth","Great Yarmouth","E07000145","Great Yarmouth",\N,"Non-metropolitan District","100529"
"314","Oxfordshire","Oxfordshire","E10000025","Oxfordshire",\N,"County","763218"
"315","Salford","Salford","E08000006","Salford",\N,"Metropolitan District","294348"
"316","Sheffield","Sheffield","E08000019","Sheffield",\N,"Metropolitan District","582493"
"317","Coventry","Coventry","E08000026","Coventry",\N,"Metropolitan District","369026"
"318","Hackney","Hackney","E09000012","Hackney",\N,"London Borough","266758"
"319","Waltham Forest","Waltham Forest","E09000031","Waltham Forest",\N,"London Borough","279737"
"321","East Cambridgeshire","East Cambridgeshire","E07000009","East Cambridgeshire",\N,"Non-metropolitan District","92906"
"322","Redcar and Cleveland","Redcar and Cleveland","E06000003","Redcar and Cleveland",\N,"Unitary Authority","139228"
"323","South Hams","South Hams","E07000044","South Hams",\N,"Non-metropolitan District","92148"
"325","Basildon","Basildon","E07000066","Basildon",\N,"Non-metropolitan District","193632"
"326","Kingston-upon-Hull","Kingston upon Hull",\N,\N,\N,\N,"0"
"327","Swale","Swale","E07000113","Swale",\N,"Non-metropolitan District","158379"
"328","Rutland","Rutland","E06000017","Rutland",\N,"Unitary Authority","41443"
"329","Kings Lynn and West Norfolk","Kings Lynn and West Norfolk",\N,\N,\N,\N,"0"
"331","Vale of White Horse","Vale of White Horse","E07000180","Vale of White Horse",\N,"Non-metropolitan District","149347"
"333","Suffolk","Suffolk","E10000029","Suffolk",\N,"County","786231"
"334","Wigan","Wigan","E08000010","Wigan",\N,"Metropolitan District","344922"
"335","Knowsley","Knowsley","E08000011","Knowsley",\N,"Metropolitan District","162565"
"336","Walsall","Walsall","E08000030","Walsall",\N,"Metropolitan District","295678"
"337","Islington","Islington","E09000019","Islington",\N,"London Borough","223024"
"340","West Berkshire","West Berkshire","E06000037","West Berkshire",\N,"Unitary Authority","165112"
"342","Middlesbrough","Middlesbrough","E06000002","Middlesbrough",\N,"Unitary Authority","156161"
"344","Torridge","Torridge","E07000046","Torridge",\N,"Non-metropolitan District","69841"
"346","Chelmsford","Chelmsford","E07000070","Chelmsford",\N,"Non-metropolitan District","188803"
"347","Eastleigh","Eastleigh","E07000086","Eastleigh",\N,"Non-metropolitan District","142933"
"348","Herefordshire","Herefordshire",\N,\N,\N,\N,"0"
"349","Broxbourne","Broxbourne","E07000095","Broxbourne",\N,"Non-metropolitan District","101900"
"350","Kent","Kent","E10000016","Kent",\N,"County","1639029"
"351","Ashfield","Ashfield","E07000170","Ashfield",\N,"Non-metropolitan District","129572"
"352","Mid Suffolk and Babergh","Mid Suffolk and Babergh",\N,\N,\N,\N,"0"
"353","Nuneaton and Bedworth","Nuneaton and Bedworth","E07000219","Nuneaton and Bedworth",\N,"Non-metropolitan District","141565"
"355","Wirral","Wirral","E08000015","Wirral",\N,"Metropolitan District","328873"
"356","North Tyneside","North Tyneside","E08000022","North Tyneside",\N,"Metropolitan District","215025"
"357","Bradford","Bradford","E08000032","Bradford",\N,"Metropolitan District","563605"
"358","Western Riverside","Western Riverside",\N,\N,\N,\N,"0"
"359","East London","East London",\N,\N,\N,\N,"0"
"360","North London","North London",\N,\N,\N,\N,"0"
"361","West London","West London",\N,\N,\N,\N,"0"
"362","Redbridge","Redbridge","E09000026","Redbridge",\N,"London Borough","321231"
"363","Wokingham","Wokingham","E06000041","Wokingham",\N,"Unitary Authority","187200"
"367","Torbay","Torbay","E06000027","Torbay",\N,"Unitary Authority","140126"
"368","Maldon","Maldon","E07000074","Maldon",\N,"Non-metropolitan District","69131"
"369","Havant","Havant","E07000090","Havant",\N,"Non-metropolitan District","126985"
"370","North Hertfordshire","North Hertfordshire","E07000099","North Hertfordshire",\N,"Non-metropolitan District","137201"
"371","Dover","Dover","E07000108","Dover",\N,"Non-metropolitan District","119768"
"372","Charnwood","Charnwood","E07000130","Charnwood",\N,"Non-metropolitan District","188385"
"373","Norfolk","Norfolk","E10000020","Norfolk",\N,"County","940359"
"374","Mansfield","Mansfield","E07000174","Mansfield",\N,"Non-metropolitan District","113138"
"376","Cannock Chase","Cannock Chase","E07000192","Cannock Chase",\N,"Non-metropolitan District","104088"
"377","Swindon","Swindon","E06000030","Swindon",\N,"Unitary Authority","243875"
"378","Wakefield","Wakefield","E08000036","Wakefield",\N,"Metropolitan District","367666"
"379","Camden","Camden","E09000007","Camden",\N,"London Borough","216943"
"380","Westminster","Westminster","E09000033","Westminster",\N,"London Borough","209996"
"383","Exeter","Exeter","E07000041","Exeter",\N,"Non-metropolitan District","138399"
"385","Southampton","Southampton","E06000045","Southampton",\N,"Unitary Authority","259424"
"386","Watford","Watford","E07000103","Watford",\N,"Non-metropolitan District","107171"
"387","North Lincolnshire","North Lincolnshire","E06000013","North Lincolnshire",\N,"Unitary Authority","171336"
"388","Melton","Melton","E07000133","Melton",\N,"Non-metropolitan District","54052"
"389","North Norfolk","North Norfolk","E07000147","North Norfolk",\N,"Non-metropolitan District","103217"
"392","Stafford","Stafford","E07000197","Stafford",\N,"Non-metropolitan District","141556"
"393","Guildford","Guildford","E07000209","Guildford",\N,"Non-metropolitan District","151359"
"394","Adur","Adur","E07000223","Adur",\N,"Non-metropolitan District","64889"
"395","Haringey","Haringey","E09000014","Haringey",\N,"London Borough","263850"
"397","Bristol","Bristol",\N,\N,\N,\N,"0"
"399","of the Isles of Scilly","Isles of Scilly","E06000053","Isles of Scilly",\N,"Unitary Authority","2366"
"400","Teignbridge","Teignbridge","E07000045","Teignbridge",\N,"Non-metropolitan District","138548"
"402","Braintree","Braintree","E07000067","Braintree",\N,"Non-metropolitan District","164304"
"403","Essex","Essex","E10000012","Essex",\N,"County","1563365"
"404","Hampshire","Hampshire","E10000014","Hampshire",\N,"County","1447214"
"405","Thanet","Thanet","E07000114","Thanet",\N,"Non-metropolitan District","142691"
"406","Burnley","Burnley","E07000117","Burnley",\N,"Non-metropolitan District","99233"
"407","Boston","Boston","E07000136","Boston",\N,"Non-metropolitan District","71080"
"409","Tamworth","Tamworth","E07000199","Tamworth",\N,"Non-metropolitan District","81117"
"410","Spelthorne","Spelthorne","E07000213","Spelthorne",\N,"Non-metropolitan District","107074"
"411","Horsham","Horsham","E07000227","Horsham",\N,"Non-metropolitan District","151521"
"412","Liverpool","Liverpool","E08000012","Liverpool",\N,"Metropolitan District","508961"
"413","Barking and Dagenham","Barking and Dagenham","E09000002","Barking and Dagenham",\N,"London Borough","232747"
"414","Royal  of Kingston upon Thames","Kingston upon Thames","E09000021","Kingston upon Thames",\N,"London Borough","172692"
"518","Wiltshire","Wiltshire","E06000054","Wiltshire",\N,"Unitary Authority","523700"
"519","Cornwall","Cornwall","E06000052","Cornwall",\N,"Unitary Authority","583289"
"520","Bedford","Bedford","E06000055","Bedford",\N,"Unitary Authority","194976"
"521","Central Bedfordshire","Central Bedfordshire","E06000056","Central Bedfordshire",\N,"Unitary Authority","315877"
"522","Shropshire","Shropshire","E06000051","Shropshire",\N,"Unitary Authority","332455"
"523","Cheshire East","Cheshire East","E06000049","Cheshire East",\N,"Unitary Authority","421298"
"524","Cheshire West and Chester","Cheshire West and Chester","E06000050","Cheshire West and Chester",\N,"Unitary Authority","371652"
"525","Northumberland","Northumberland","E06000057","Northumberland",\N,"Unitary Authority","331420"
"526","Durham","Durham",\N,\N,\N,\N,"0"
"553","Cambridge  and South Cambs s","Cambridge and",\N,\N,\N,\N,"0"
"558","East Suffolk","East Suffolk","E07000244","East Suffolk",\N,"Non-metropolitan District","249664"
"559","West Suffolk","West Suffolk","E07000245","West Suffolk",\N,"Non-metropolitan District","188485"
"560","Bournemouth, Christchurch and Poole","Bournemouth, Christchurch and Poole","E06000058","Bournemouth, Christchurch and Poole",\N,"Unitary Authority","408967"
"561","Dorset","Dorset","E06000059","Dorset",\N,"Unitary Authority","389947"
"563","Buckinghamshire","Buckinghamshire","E06000060","Buckinghamshire",\N,"Unitary Authority","578772"
"565","North Northamptonshire","North Northamptonshire","E06000061","North Northamptonshire",\N,"Unitary Authority","373871"
"566","West Northamptonshire","West Northamptonshire","E06000062","West Northamptonshire",\N,"Unitary Authority","439811"
"567","Westmorland and Furness","Westmorland and Furness","E06000064","Westmorland and Furness",\N,"Unitary Authority","230185"
"568","Cumberland","Cumberland","E06000063","Cumberland",\N,"Unitary Authority","280495"
"569","North Yorkshire","North Yorkshire","E06000065","North Yorkshire",\N,"Unitary Authority","635270"
"570","Somerset","Somerset","E06000066","Somerset",\N,"Unitary Authority","588328"
